{"model": "Linear Regression", "r2": 0.9987832918118641, "rmse": 1.0369636585655342, "mae": 0.7835390313241706}